Rutas,Nombre de la Unidad Económica,Razón social,Descripcion estrato personal ocupado,Dirección,Código Postal,Clave entidad,Entidad federativa,Clave municipio,Municipio,Clave localidad,Localidad,Número de teléfono,Correo electrónico,Sitio en Internet,Latitud,Longitud,AGEB,MANZANA
FMR01_01,ACEROS SANITARIOS E INOXIDABLES DE TOLUCA,ACEROS SANITARIOS E INOXIDABLES DE TOLUCA  SA DE CV,6 a 10 personas,CALLE AVENIDA SOLIDARIDAD LAS TORRES 921 COLONIA FRANCISCO I MADERO,52172,15,MÉXICO                      ,54,Metepec,37,San Jerónimo Chicahualco,,,,19.27886208,-99.56727813,991,15
FMR06_01,ARTICULOS DE PLOMERIA CASA VALDEZ,,0 a 5 personas,CALLE XINANTECATL  COLONIA XINANTECATL,52169,15,MÉXICO                      ,54,Metepec,38,San Jorge Pueblo Nuevo,,KSVALDEZ@YAHOO.COM,,19.2642511,-99.6341332,1010,12
FMR02_06,AZULEMEX  29,AZULEJERA JAMAM SA DE CV,6 a 10 personas,AVENIDA MANUEL J CLOUTHIER 506 COLONIA SAN JERONIMO CHICAHUALCO,52170,15,MÉXICO                      ,54,Metepec,37,San Jerónimo Chicahualco,,,,19.27870842,-99.59433474,968,13
FMR05_04,CALENTADORES SOLARES SIN NOMBRE,,0 a 5 personas,CALLE JOSEFA ORTIZ DE DOMINGUEZ  PUEBLO BARRIO DE SAN SALVADOR,52160,15,MÉXICO                      ,54,Metepec,32,San Bartolomé Tlaltelulco,,,,19.22538913,-99.63186568,31,37
FMR13_03,CASA GIBXI FERRETERIA,,0 a 5 personas,AVENIDA TECNOLOGICO 737 PUEBLO SAN SALVADOR TIZATLALLI,52172,15,MÉXICO                      ,54,Metepec,49,San Salvador Tizatlalli,,,,19.26858809,-99.57656518,1241,11
FMR08_07,CHIKY,,0 a 5 personas,CALLE 16 DE SEPTIEMBRE 403 BARRIO SAN MIGUEL,52140,15,MÉXICO                      ,54,Metepec,1,Metepec,,,,19.24725965,-99.60128794,578,12
FMR13_01,COMERCIALIZADORA TORNINORTE,,0 a 5 personas,CALLE VIALIDAD LAS TORRES (SOLIDARIDAD)  COLONIA ALVARO OBREGON,52105,15,MÉXICO                      ,54,Metepec,49,San Salvador Tizatlalli,7224985849,TORNINORTE@GMAIL.COM,,19.27777267,-99.56430254,1203,34
FMR02_09,COMERCIALIZADORA TRIMAR,COMERCIALIZADORA TRIMAR ,0 a 5 personas,CALLE PUERTO DE GUAYMAS  COLONIA FRACC RENACIMIENTO,52170,15,MÉXICO                      ,54,Metepec,37,San Jerónimo Chicahualco,2174757,,,19.27772403,-99.59740024,934,20
FMR17_03,CONSTRUFERRE DON POLY,,0 a 5 personas,CALLE MIGUEL HIDALGO 39 LOCALIDAD BARRIO LA ASUNCION,52143,15,MÉXICO                      ,54,Metepec,47,San Miguel Totocuitlapilco,,,,19.23068391,-99.58990928,667,4
FMR07_07,CONSTRUFORMAS Y SEÑALIZACIONES,CONSTRUFORMAS Y SEÑALIZACIONES SA DE CV,0 a 5 personas,CALLE BENITO JUAREZ 913 LOCALIDAD SAN FRANCISCO COAXUSCO,52158,15,MÉXICO                      ,54,Metepec,34,San Francisco Coaxusco,,,,19.2701606,-99.62911192,830,20
FMR01_05,DISENSA TECNOLOGICO,FERRECIM SA DE CV,0 a 5 personas,AVENIDA TECNOLOGICO  COLONIA SAN JERONIMO ACHICAHUALCO,52170,15,MÉXICO                      ,54,Metepec,37,San Jerónimo Chicahualco,7229175960,,,19.28521902,-99.57383985,987,2
FMR08_04,DISTRIBUIDORA FERRETERA MAYORISTA FERRETERIA,,0 a 5 personas,AVENIDA ESTADO DE MEXICO 140 BARRIO ESPIRITU SANTO,52140,15,MÉXICO                      ,54,Metepec,1,Metepec,,,,19.25034063,-99.60775106,563,12
FMR13_04,ELECTRICA MIGUEL,,0 a 5 personas,AVENIDA TECNOLOGICO 1019 PUEBLO SAN SALVADOR TIZATLALLI,52172,15,MÉXICO                      ,54,Metepec,49,San Salvador Tizatlalli,,ELECTRICAMIGUEL@HOTMAIL.COM,,19.265313,-99.57680594,1241,11
FMR15_04,ELECTROFERRETERA PAULA,,0 a 5 personas,CALLE JALISCO  PUEBLO SAN GASPAR TLAHUELILPAN,52147,15,MÉXICO                      ,54,Metepec,35,San Gaspar Tlahuelilpan,,,,19.24690068,-99.542981,417,7
FMR10_04,ELECTROFERRETERA Y PLOMERIA SAN JOSE,,0 a 5 personas,CALLE MOCTEZUMA 213 BARRIO BARRIO DE COAXUSTENCO,52158,15,MÉXICO                      ,54,Metepec,1,Metepec,7222320107,,,19.26023188,-99.60225358,737,36
FMR13_02,ENER SUIT ENERGIA RENOVABLE,,6 a 10 personas,AVENIDA TECNOLOGICO 883 PUEBLO SAN SALVADOR TIZATLALLI,52172,15,MÉXICO                      ,54,Metepec,49,San Salvador Tizatlalli,,SUSANA.SANCHEZ@ENERSUIT.COM.MX,WWW.ENERSUIT.COM,19.27663266,-99.57466207,1241,22
FMR07_01,FERRE-MARQ,,0 a 5 personas,CALLE FUENTE DE PENELOPE 121 LOCALIDAD INFONAVIT SAN GABRIEL,52159,15,MÉXICO                      ,54,Metepec,34,San Francisco Coaxusco,,,,19.2739654,-99.61683253,864,1
FMR04_01,FERREMATERIALES LA ORQUIDEA,,0 a 5 personas,CALLE CAMINO A OCOTITLAN  COLONIA VILLAS ALTEZA,52168,15,MÉXICO                      ,54,Metepec,38,San Jorge Pueblo Nuevo,,,,19.25945376,-99.64342081,1025,29
FMR05_10,FERREMATERIALES MOLINA,,0 a 5 personas,CALLE INDEPENDENCIA  LOCALIDAD BARRIO DEL CENTRO,52160,15,MÉXICO                      ,54,Metepec,32,San Bartolomé Tlaltelulco,,,,19.22820907,-99.62828563,31,6
FMR09_01,FERREPLAZA METEPEC,,0 a 5 personas,CALLE IGNACIO ALLENDE  BARRIO SANTA CRUZ,52140,15,MÉXICO                      ,54,Metepec,1,Metepec,,,,19.25410075,-99.60461892,737,31
FMR02_03,FERRETERA SAN JERONIMO,"GRUPO SAN JERONIMO DE METEPEC, S.A. DE C.V. ",0 a 5 personas,AVENIDA MANUEL J. CLOUTHIER 821 COLONIA FRACC ARBOLEDAS II,52170,15,MÉXICO                      ,54,Metepec,37,San Jerónimo Chicahualco,7222114067,,,19.28235249,-99.59449481,934,25
FMR16_05,FERRETERA SAN LUCAS,,0 a 5 personas,CALLE 20 DE NOVIEMBRE  LOCALIDAD SAN LUCAS TUNCO,52145,15,MÉXICO                      ,54,Metepec,43,San Lucas Tunco (San Lucas),,,,19.2310675,-99.53091793,741,25
FMR04_06,FERRETERIA,,0 a 5 personas,CALLE NICOLAS BRAVO  COLONIA SANTA MARIA MAGDALENA OCOTITLAN,52160,15,MÉXICO                      ,54,Metepec,55,Santa María Magdalena Ocotitlán,7223788647,,,19.23582262,-99.62326152,506,5
FMR03_04,FERRETERIA AGSA MARZUQ,,0 a 5 personas,AVENIDA CAMINO VIEJO A METEPEC  COLONIA CASA BLANCA,52175,15,MÉXICO                      ,54,Metepec,37,San Jerónimo Chicahualco,,,,19.28437884,-99.60678347,915,16
FMR09_04,FERRETERIA ALCON,,0 a 5 personas,CALLE 5 DE MAYO 78 BARRIO SAN TIAGUITO,52140,15,MÉXICO                      ,54,Metepec,1,Metepec,,CHAPITASMAX@HOTMAIL.COM,,19.25200189,-99.60424111,563,10
FMR02_04,FERRETERIA ARANDAS,,0 a 5 personas,AVENIDA MANUEL J. CLOUTHIER 626 COLONIA SAN JERONIMO CHICAHUALCO,52172,15,MÉXICO                      ,54,Metepec,37,San Jerónimo Chicahualco,7222113455,,,19.28010167,-99.59428646,968,14
FMR08_02,FERRETERIA AXANARI,,0 a 5 personas,AVENIDA LAS PALMAS 101 COLONIA LA MICHOACANA,52164,15,MÉXICO                      ,54,Metepec,38,San Jorge Pueblo Nuevo,7222321935,,,19.2475,-99.61918273,1097,7
FMR13_06,FERRETERIA BECERRIL,,0 a 5 personas,CALLE CALLE DE LA CRUZ  PUEBLO SAN SALVADOR TIZATLALLI,52172,15,MÉXICO                      ,54,Metepec,49,San Salvador Tizatlalli,,,,19.26418747,-99.5782194,1241,12
FMR14_03,FERRETERIA CAS,,0 a 5 personas,CALLE ADOLFO LOPEZ MATEOS  COLONIA AGRICOLA LAZARO CARDENAS,52148,15,MÉXICO                      ,54,Metepec,49,San Salvador Tizatlalli,,,,19.25700606,-99.55966685,1237,1
FMR03_02,FERRETERIA CASA BLANCA,,0 a 5 personas,CALLE CALLE DEL AIRE 154 COLONIA CASA BLANCA,52175,15,MÉXICO                      ,54,Metepec,37,San Jerónimo Chicahualco,,,,19.27756363,-99.60645445,915,32
FMR11_06,FERRETERIA CASA FLORES,,0 a 5 personas,CALLE DURAZNO 1264 FRACCIONAMIENTO IZCALLI CUAUHTEMOC VI,52176,15,MÉXICO                      ,54,Metepec,49,San Salvador Tizatlalli,,CASAFLORES2011@HOTMAIL.COM,,19.26931379,-99.596731,1152,20
FMR17_04,FERRETERIA CASA FUENTES,,0 a 5 personas,CALLE MIGUEL HIDALGO 31 LOCALIDAD BARRIO LA ASUNCION,52143,15,MÉXICO                      ,54,Metepec,47,San Miguel Totocuitlapilco,7222320624,,,19.23073787,-99.58844636,667,5
FMR03_06,FERRETERIA CASA LIEVANOS,,0 a 5 personas,CALLE PINO SUAREZ 130 COLONIA CASA BLANCA,52175,15,MÉXICO                      ,54,Metepec,37,San Jerónimo Chicahualco,7222160747,FERRE-MATERIALESLIEVANOS@HOTMAIL.COM,,19.28556801,-99.60419241,915,21
FMR07_09,FERRETERIA CASTANEDA,,0 a 5 personas,CALLE SALVADOR SANCHEZ COLIN 106 COLONIA EL HIPICO,52156,15,MÉXICO                      ,54,Metepec,34,San Francisco Coaxusco,7222173701,,,19.26450761,-99.62982208,826,9
FMR14_04,FERRETERIA CAZ,,0 a 5 personas,CALLE ADOLFO LOPEZ MATEOS 3 COLONIA LAZARO CARDENAS,52148,15,MÉXICO                      ,54,Metepec,49,San Salvador Tizatlalli,7224863010,,,19.25686056,-99.55896832,1237,3
FMR14_01,FERRETERIA CORNEJO,,0 a 5 personas,CALLE ADOLFO LOPEZ MATEOS 12 COLONIA AGRICOLA LAZARO CARDENAS,52148,15,MÉXICO                      ,54,Metepec,49,San Salvador Tizatlalli,,,,19.25718206,-99.56177289,1237,5
FMR11_04,FERRETERIA CUAUHTÉMOC,,0 a 5 personas,CALLE CIRCUITO CUAUHTEMOC 109 COLONIA IZCALLI CUAUHTEMOC II,52176,15,MÉXICO                      ,54,Metepec,49,San Salvador Tizatlalli,,,,19.27308237,-99.59052525,1148,7
FMR10_10,FERRETERIA DAFSYL,,0 a 5 personas,AVENIDA LOS GOBERNADORES 29 COLONIA INFONAVIT SAN FRANCISCO,52176,15,MÉXICO                      ,54,Metepec,49,San Salvador Tizatlalli,,,,19.26461604,-99.59560274,1171,20
FMR11_02,FERRETERIA DE LOS ANGELES,,0 a 5 personas,CALLE LAS MARINAS 6 COLONIA LA CAMPESINA,52176,15,MÉXICO                      ,54,Metepec,49,San Salvador Tizatlalli,7221293416,,,19.27389849,-99.59478735,1114,22
FMR01_02,FERRETERIA DE SOLDADURAS ESPECIALES,,0 a 5 personas,CALLE AGUSTIN MELGAR  COLONIA FRACC EXPLANADA DEL PARQUE,52172,15,MÉXICO                      ,54,Metepec,37,San Jerónimo Chicahualco,7223440211,,,19.28264991,-99.57037844,987,5
FMR06_06,FERRETERÍA DON BENO,,0 a 5 personas,CALLE RUFFO FIGUEROA 54 COLONIA LUISA ISABEL CAMPOS,52167,15,MÉXICO                      ,54,Metepec,38,San Jorge Pueblo Nuevo,7221771141,,,19.25537768,-99.63426947,1063,8
FMR05_07,FERRETERIA DONIS,,0 a 5 personas,CALLE MARIANO MATAMOROS 7 PUEBLO SANTIAGO,52160,15,MÉXICO                      ,54,Metepec,32,San Bartolomé Tlaltelulco,,,,19.22618312,-99.62996178,31,18
FMR09_07,FERRETERIA EL ANGEL,,0 a 5 personas,CALLE VICENTE GUERRERO 59 BARRIO BARRIO DE SANTA CRUZ,52143,15,MÉXICO                      ,54,Metepec,1,Metepec,,,,19.25496368,-99.60129938,737,5
FMR09_02,FERRETERIA EL HALCON,,0 a 5 personas,CALLE MORELOS  BARRIO SANTA CRUZ,52140,15,MÉXICO                      ,54,Metepec,1,Metepec,,,,19.25359533,-99.60652623,563,26
FMR16_06,FERRETERIA EL NEVADO,,0 a 5 personas,CALLE CONSTITUCION 29 LOCALIDAD SAN LUCAS TUNCO,52145,15,MÉXICO                      ,54,Metepec,43,San Lucas Tunco (San Lucas),7282873694,,,19.23346946,-99.53444609,741,10
FMR18_01,FERRETERIA ENRIQUEZ,,0 a 5 personas,CALLE GUERRERO 12 LOCALIDAD SANTIAGO,52160,15,MÉXICO                      ,54,Metepec,32,San Bartolomé Tlaltelulco,,,,19.22689843,-99.6279064,31,20
FMR04_04,FERRETERIA FERREMATERIALES REYES,,0 a 5 personas,CALLE FRANCISCO JAVIER MINA  PUEBLO SANTA MARIA MAGDALENA OCOTITLAN,52161,15,MÉXICO                      ,54,Metepec,55,Santa María Magdalena Ocotitlán,,PERLAPG67@OUTLOOK.COM,,19.23712309,-99.62403338,506,7
FMR04_10,FERRETERIA FERREMAX,,0 a 5 personas,CALLE MIGUEL HIDALGO 2 COLONIA SANTA MARIA MAGDALENA OCOTITLAN,52161,15,MÉXICO                      ,54,Metepec,55,Santa María Magdalena Ocotitlán,,,,19.2385157,-99.6192401,506,11
FMR11_07,FERRETERIA FERRESTRA,,0 a 5 personas,CALLE AVENIDA GOBERNADORES 1400 LOCALIDAD SAN FRANCISCO COAXUSCO,52176,15,MÉXICO                      ,54,Metepec,34,San Francisco Coaxusco,,,,19.27065496,-99.60073183,898,7
FMR07_05,FERRETERIA GCG,,0 a 5 personas,CALLE MIGUEL HIDALGO  LOCALIDAD SAN FRANCISCO COAXUSCO,52158,15,MÉXICO                      ,54,Metepec,34,San Francisco Coaxusco,,,,19.27143866,-99.62647104,830,13
FMR13_05,FERRETERIA GRUPO MONARCA,,0 a 5 personas,CALLE 5 DE FEBRERO  PUEBLO SAN SALVADOR TIZATLALLI,52172,15,MÉXICO                      ,54,Metepec,49,San Salvador Tizatlalli,7225403771,,,19.2639081,-99.57700263,1241,11
FMR16_02,FERRETERIA JESSY,,0 a 5 personas,CALLEJON 16 DE SEPTIEMBRE 69 BARRIO SAN SEBASTIAN,52146,15,MÉXICO                      ,54,Metepec,52,San Sebastián,7228710286,,,19.23025636,-99.55006348,078A,4
FMR10_05,FERRETERIA JISA,,0 a 5 personas,AVENIDA MANUEL J. CLOUTHIER  COLONIA LA PROVIDENCIA,52176,15,MÉXICO                      ,54,Metepec,1,Metepec,7227641939,,,19.26400624,-99.6015552,258,41
FMR12_03,FERRETERIA LA FERRE,,0 a 5 personas,CALLE LA PARCELA  UNIDAD HABITACIONAL ANDRES MOLINA ENRIQUEZ,52149,15,MÉXICO                      ,54,Metepec,49,San Salvador Tizatlalli,,,,19.25991825,-99.59070071,1218,5
FMR02_07,FERRETERIA LA IMPERIAL,,0 a 5 personas,CALLE AVENIDA 27 DE SEPTIEMBRE 46 COLONIA INFONAVIT TOLLOCAN II,52170,15,MÉXICO                      ,54,Metepec,37,San Jerónimo Chicahualco,,,,19.27804497,-99.59432774,968,13
FMR10_01,FERRETERIA LA PURISIMA,,0 a 5 personas,CALLE LEONA VICARIO 801 BARRIO COAXUSCO,52140,15,MÉXICO                      ,54,Metepec,1,Metepec,7222320012,,,19.261701,-99.61164294,722,10
FMR04_03,FERRETERIA LA SIRENITA,,0 a 5 personas,CALLE VICENTE GUERRERO  PUEBLO SANTA MARIA MAGDALENA OCOTITLAN,52140,15,MÉXICO                      ,54,Metepec,55,Santa María Magdalena Ocotitlán,,,,19.2391197,-99.63058673,506,29
FMR06_08,FERRETERIA LAS AMÉRICAS,,0 a 5 personas,CALLE GUADALUPE VICTORIA 51 COLONIA LAS JARAS METEPEC,52169,15,MÉXICO                      ,54,Metepec,38,San Jorge Pueblo Nuevo,,,,19.2562702,-99.62685326,1059,21
FMR08_05,FERRETERIA LAUMAU,,0 a 5 personas,AVENIDA ESTADO DE MEXICO 213 BARRIO SAN MIGUEL,52140,15,MÉXICO                      ,54,Metepec,1,Metepec,,FERRETERIALAUMAU@GMAIL.COM,,19.25015475,-99.59960123,578,2
FMR14_02,FERRETERIA LEO,,0 a 5 personas,CALLE ADOLFO LOPEZ MATEOS  COLONIA AGRICOLA LAZARO CARDENAS,52148,15,MÉXICO                      ,54,Metepec,49,San Salvador Tizatlalli,7222715569,,,19.25713997,-99.56116627,1237,5
FMR02_05,FERRETERIA LEON,,0 a 5 personas,AVENIDA MANUEL J. CLOUTHIER 600 COLONIA SAN JERONIMO CHICAHUALCO,52172,15,MÉXICO                      ,54,Metepec,37,San Jerónimo Chicahualco,,,,19.27939252,-99.59430024,968,14
FMR15_08,FERRETERIA LIBRA,,0 a 5 personas,AVENIDA NACIONAL  COLONIA SAN GASPAR TLAHUELILPAN,52147,15,MÉXICO                      ,54,Metepec,35,San Gaspar Tlahuelilpan,,,,19.23964756,-99.54856291,633,26
FMR01_07,FERRETERIA LUNA,,0 a 5 personas,CALLE AVENIDA 16 DE SEPTIEMBRE 99 COLONIA INFONAVIT TOLLOCAN II,52170,15,MÉXICO                      ,54,Metepec,37,San Jerónimo Chicahualco,,,,19.28057486,-99.59187312,968,7
FMR04_08,FERRETERIA MANUEL,,0 a 5 personas,CALLE BENITO JUAREZ  COLONIA SANTA MARIA MAGDALENA OCOTITLAN,52161,15,MÉXICO                      ,54,Metepec,55,Santa María Magdalena Ocotitlán,,,,19.23661308,-99.62037582,506,12
FMR04_05,FERRETERIA MATERIALES ESTRADA,,0 a 5 personas,CALLE LIBERTAD  COLONIA SANTA MARIA MAGDALENA OCOTITLAN,52160,15,MÉXICO                      ,54,Metepec,55,Santa María Magdalena Ocotitlán,7223788647,,,19.23584481,-99.62330888,506,5
FMR01_06,FERRETERIA MATERIALES GUZMAN,,0 a 5 personas,CALLE PUERTO DE MAZATLAN 23 COLONIA INFONAVIT TOLLOCAN II,52170,15,MÉXICO                      ,54,Metepec,37,San Jerónimo Chicahualco,7221268768,HANIAAN@GMAIL.COM,,19.2826189,-99.58724665,968,9
FMR14_06,FERRETERIA METEPEC,,0 a 5 personas,CALLE ADOLFO LOPEZ MATEOS  COLONIA AGRICOLA LAZARO CARDENAS,52148,15,MÉXICO                      ,54,Metepec,49,San Salvador Tizatlalli,,,,19.25659234,-99.55448531,1237,9
FMR11_03,FERRETERIA MEXICO,,0 a 5 personas,CALLE CIRCUITO CUAUHTEMOC 49 COLONIA IZCALLI CUAUHTEMOC II,52176,15,MÉXICO                      ,54,Metepec,49,San Salvador Tizatlalli,7222759684,,,19.27317979,-99.59239374,1148,1
FMR07_10,FERRETERIA MEXICO,,0 a 5 personas,CALLE GUSTAVO BAZ 92 COLONIA HIPICO,52156,15,MÉXICO                      ,54,Metepec,34,San Francisco Coaxusco,,,,19.26490382,-99.6284718,826,16
FMR02_02,FERRETERIA MOSC,,0 a 5 personas,AVENIDA BAJA VELOCIDAD  COLONIA PILARES,52179,15,MÉXICO                      ,54,Metepec,37,San Jerónimo Chicahualco,7222118962,,,19.28681997,-99.59464653,092A,26
FMR10_06,FERRETERIA PORTALES,,0 a 5 personas,PRIVADA LA OLLA 28 COLONIA INFONAVIT SAN FRANCISCO,52176,15,MÉXICO                      ,54,Metepec,49,San Salvador Tizatlalli,,,,19.26651766,-99.59725338,1171,3
FMR04_07,FERRETERIA RADI,,0 a 5 personas,CALLE MIGUEL HIDALGO  LOCALIDAD SANTA MARIA MAGDALENA OCOTITLAN,52161,15,MÉXICO                      ,54,Metepec,55,Santa María Magdalena Ocotitlán,7222326944,,,19.23557388,-99.62163366,506,16
FMR10_07,FERRETERIA RENEDO,FERRETERIA Y TLAPALERIA ,0 a 5 personas,PRIVADA ZACATEPEC 15 COLONIA INFONAVIT SAN FRANCISCO,52176,15,MÉXICO                      ,54,Metepec,1,Metepec,,,,19.26544881,-99.59878323,258,27
FMR11_09,FERRETERIA RODCAS,,0 a 5 personas,CALLE MIGUEL HIDALGO 847 COLONIA LA PROVIDENCIA,52177,15,MÉXICO                      ,54,Metepec,34,San Francisco Coaxusco,,,,19.27296776,-99.60442024,898,4
FMR03_03,FERRETERIA SALCAS,,0 a 5 personas,CALLE 16 DE SEPTIEMBRE 10 COLONIA CASA BLANCA,52175,15,MÉXICO                      ,54,Metepec,37,San Jerónimo Chicahualco,,,,19.27850639,-99.60627798,915,2
FMR16_04,FERRETERIA SAMANTHA,,0 a 5 personas,CALLE INSURGENTES  BARRIO SAN LUCAS TUNCO,52145,15,MÉXICO                      ,54,Metepec,43,San Lucas Tunco (San Lucas),7222500552,,,19.2304135,-99.53367766,741,27
FMR07_02,FERRETERIA SAN GABRIEL,,0 a 5 personas,CALLE VIALIDAD LAS TORRES (SOLIDARIDAD) 100 COLONIA INFONAVIT SAN GABRIEL,52159,15,MÉXICO                      ,54,Metepec,34,San Francisco Coaxusco,7222166061,,,19.27414836,-99.62104186,845,7
FMR08_01,FERRETERIA SAN JORGE,,0 a 5 personas,AVENIDA LAS PALMAS  COLONIA LA MAGDALENA OCOTITLAN,52161,15,MÉXICO                      ,54,Metepec,38,San Jorge Pueblo Nuevo,,PERLAPG67@OUTLOOK.COM,,19.24426361,-99.62768976,1082,43
FMR05_01,FERRETERIA SAN JOSE,,0 a 5 personas,CALLE JOSEFA ORTIZ DE DOMINGUEZ  LOCALIDAD SAN BARTOLOME TLALTELULCO,50162,15,MÉXICO                      ,54,Metepec,32,San Bartolomé Tlaltelulco,,,,19.22746523,-99.63232589,31,2
FMR05_08,FERRETERIA SAN JOSE,,0 a 5 personas,CALLE MARIANO MATAMOROS 42 PUEBLO SANTIAGO,52160,15,MÉXICO                      ,54,Metepec,32,San Bartolomé Tlaltelulco,,,,19.22628295,-99.62694249,31,34
FMR05_02,FERRETERIA SAN JOSE,,0 a 5 personas,CALLE JOSEFA ORTIZ DE DOMINGUEZ  LOCALIDAD SAN BARTOLOME TLALTELULCO,52162,15,MÉXICO                      ,54,Metepec,32,San Bartolomé Tlaltelulco,,,,19.22724991,-99.63232997,31,29
FMR08_08,FERRETERIA SAN LORENZO,,0 a 5 personas,CALLE MIGUEL HIDALGO  LOCALIDAD SAN LORENZO COACALCO,52140,15,MÉXICO                      ,54,Metepec,41,San Lorenzo Coacalco (San Lorenzo),7228889504,,,19.24081866,-99.59778664,756,6
FMR16_07,FERRETERIA SAN LUCAS,,0 a 5 personas,CALLE HERMENEGILDO GALEANA  BARRIO SAN SEBASTIAN,51246,15,MÉXICO                      ,54,Metepec,52,San Sebastián,,,,19.23268365,-99.53877252,078A,7
FMR15_02,FERRETERIA SAN MIGUEL,,0 a 5 personas,CALLE NINGUNO  COLONIA SAN GASPAR TLAHUELILPAN,52147,15,MÉXICO                      ,54,Metepec,35,San Gaspar Tlahuelilpan,,,,19.24857469,-99.55218603,633,29
FMR17_02,FERRETERÍA SAN MIGUEL,,6 a 10 personas,CALLE INDEPENDENCIA 6 COLONIA SAN MIGUEL TOTOCUITLAPILCO,52143,15,MÉXICO                      ,54,Metepec,47,San Miguel Totocuitlapilco,,,,19.23125901,-99.59320579,652,19
FMR02_10,FERRETERIA SIN NOMBRE,,0 a 5 personas,CALLE PUERTO DE GUAYMAS  COLONIA FRACC RENACIMIENTO,52170,15,MÉXICO                      ,54,Metepec,37,San Jerónimo Chicahualco,,,,19.27849487,-99.59734675,934,7
FMR05_06,FERRETERIA SIN NOMBRE,,0 a 5 personas,CALLE METEPEC-ZACANGO  PUEBLO SANTIAGO,52160,15,MÉXICO                      ,54,Metepec,32,San Bartolomé Tlaltelulco,,,,19.22107175,-99.62979564,31,45
FMR15_05,FERRETERIA SIN NOMBRE,,0 a 5 personas,CALLE CHIHUAHUA  PUEBLO SAN GASPAR TLAHUELILPAN,52147,15,MÉXICO                      ,54,Metepec,35,San Gaspar Tlahuelilpan,,,,19.24540894,-99.54365076,648,7
FMR14_05,FERRETERIA SIN NOMBRE,,0 a 5 personas,CALLE ADOLFO LOPEZ MATEOS  COLONIA AGRICOLA LAZARO CARDENAS,52148,15,MÉXICO                      ,54,Metepec,49,San Salvador Tizatlalli,,,,19.25660173,-99.55466499,1237,9
FMR03_05,FERRETERIA SUSY,,0 a 5 personas,AVENIDA CAMINO VIEJO A METEPEC  COLONIA CASA BLANCA,52175,15,MÉXICO                      ,54,Metepec,37,San Jerónimo Chicahualco,,,,19.28461437,-99.60678026,915,16
FMR11_05,FERRETERIA TALADRO,,0 a 5 personas,CALLE ALCATRACES 34 COLONIA IZCALLI CUAUHTEMOC II,52176,15,MÉXICO                      ,54,Metepec,49,San Salvador Tizatlalli,,,,19.27100307,-99.59432942,1152,16
FMR06_02,FERRETERIA TRUPER,,0 a 5 personas,CALLE CEBORUCO 6 COLONIA XINANTECATL,52160,15,MÉXICO                      ,54,Metepec,38,San Jorge Pueblo Nuevo,,,,19.26077986,-99.63342933,1010,25
FMR07_04,FERRETERIA TRUPER,FERRETERIA ,0 a 5 personas,CALLE REFORMA 66 LOCALIDAD XINANTECATL,52158,15,MÉXICO                      ,54,Metepec,34,San Francisco Coaxusco,,,,19.27281902,-99.62328885,830,16
FMR04_02,FERRETERIA Y MATERIALES PARA CONSTRUCCION EL LEON 2,,0 a 5 personas,CALLE PROLONGACION HERIBERTO ENRIQUEZ 213 COLONIA JORGE JIMENEZ CANTU,52166,15,MÉXICO                      ,54,Metepec,38,San Jorge Pueblo Nuevo,7224747991,FERRETERIALEON3@HOTMAIL.COM,,19.25081043,-99.63413932,1082,42
FMR01_10,FERRETERIA Y PLOMERIA MAGOVI,,6 a 10 personas,AVENIDA MANUEL J. CLOUTHIER  COLONIA INFONAVIT TOLLOCAN II,52170,15,MÉXICO                      ,54,Metepec,37,San Jerónimo Chicahualco,7227195766,,,19.28112884,-99.59428413,968,15
FMR07_06,FERRETERIA Y TLAPALERIA,,0 a 5 personas,CALLE MIGUEL HIDALGO  LOCALIDAD SAN FRANCISCO COAXUSCO,52158,15,MÉXICO                      ,54,Metepec,34,San Francisco Coaxusco,,,,19.27136228,-99.62944182,830,20
FMR05_09,FERRETERIA Y TLAPALERIA,,0 a 5 personas,CALLE GUERRERO  LOCALIDAD SANTIAGO,52160,15,MÉXICO                      ,54,Metepec,32,San Bartolomé Tlaltelulco,,,,19.22690055,-99.62786142,31,20
FMR06_04,FERRETERIA Y TLAPALERIA CFRISTO REY,,0 a 5 personas,CALLE EJERCITO DEL TRABAJO 660 COLONIA JESUS JIMENEZ GALLARDO,52167,15,MÉXICO                      ,54,Metepec,38,San Jorge Pueblo Nuevo,,,,19.25933001,-99.6351037,1044,14
FMR03_07,FERRETERIA Y TLAPALERIA EL NIVELITO,,0 a 5 personas,CALLE JOSEFA ORTIZ DE DOMINGUEZ 7 COLONIA PILARES,52179,15,MÉXICO                      ,54,Metepec,37,San Jerónimo Chicahualco,7222112744,,,19.28376764,-99.60163448,092A,12
FMR10_03,FERRETERIA Y TLAPALERIA FEROSSITA,,0 a 5 personas,CALLE 5 DE MAYO 33 BARRIO BARRIO DE SAN MATEO,52140,15,MÉXICO                      ,54,Metepec,1,Metepec,,,,19.25823193,-99.60377574,737,20
FMR09_03,FERRETERIA Y TLAPALERIA FERROSA,,0 a 5 personas,CALLE MIGUEL HIDALGO 12 BARRIO DE SANTA CRUZ,52140,15,MÉXICO                      ,54,Metepec,1,Metepec,,,,19.25303526,-99.60557498,563,28
FMR07_08,FERRETERIA Y TLAPALERIA JUAN DE DIOS,,0 a 5 personas,CALLE PINO SUAREZ 2113 COLONIA HIPICO,52150,15,MÉXICO                      ,54,Metepec,34,San Francisco Coaxusco,,,,19.2657739,-99.63560702,826,25
FMR10_02,FERRETERIA Y TLAPALERIA LA NUEVA,,0 a 5 personas,CALLE 5 DE MAYO 202 BARRIO BARRIO DE COAXUSTENCO,52158,15,MÉXICO                      ,54,Metepec,1,Metepec,,,,19.25956292,-99.60368567,737,36
FMR10_09,FERRETERIA Y TLAPALERIA LUIS,,0 a 5 personas,CALLE NATIVITAS 28 COLONIA INFONAVIT SAN FRANCISCO,52176,15,MÉXICO                      ,54,Metepec,49,San Salvador Tizatlalli,,,,19.26436832,-99.59570162,1186,15
FMR09_08,FERRETERIA Y TLAPALERIA QUIROZ,,0 a 5 personas,CALLE HERMENEGILDO GALEANA 77 BARRIO FRACC VILLAS DE SAN AGUSTIN,52140,15,MÉXICO                      ,54,Metepec,1,Metepec,,,,19.25516094,-99.59839583,737,3
FMR12_02,FERRETERIA Y TLAPALERIA SAENZ,,0 a 5 personas,CALLE EL FOGON 7 UNIDAD HABITACIONAL ANDRES MOLINA ENRIQUEZ,52149,15,MÉXICO                      ,54,Metepec,49,San Salvador Tizatlalli,,,,19.26009473,-99.59112081,1218,5
FMR05_03,FERRETERIA Y TLAPALERIA SAN JOSÉ,,0 a 5 personas,CALLE JOSEFA ORTIZ DE DOMINGUEZ  PUEBLO BARRIO DE SAN SALVADOR,52160,15,MÉXICO                      ,54,Metepec,32,San Bartolomé Tlaltelulco,,,,19.22600856,-99.63194112,31,23
FMR05_05,FERRETERIA Y TLAPALERIA SIN NOMBRE,,0 a 5 personas,CALLE JOSEFA ORTIZ DE DOMINGUEZ  PUEBLO SAN FELIPE TLALMIMILOLPAN,52160,15,MÉXICO                      ,54,Metepec,32,San Bartolomé Tlaltelulco,,,,19.22267543,-99.63125476,794,1
FMR07_03,FERRETERIA Y TLAPALERIA YPRES,,0 a 5 personas,CALLE PASEO DE SAN GABRIEL 130 LOCALIDAD INFONAVIT SAN GABRIEL,52158,15,MÉXICO                      ,54,Metepec,34,San Francisco Coaxusco,,,,19.27280241,-99.6213941,845,2
FMR17_01,FERRETERIA YENI,,0 a 5 personas,CALLE FRANCISCO JAVIER MINA  COLONIA SAN MIGUEL TOTOCUITLAPILCO,52143,15,MÉXICO                      ,54,Metepec,47,San Miguel Totocuitlapilco,,,,19.23071755,-99.59446921,652,22
FMR06_03,FERRETODO SIN NOMBRE,,0 a 5 personas,CALLE CEBORUCO  COLONIA XINALTECATL,52158,15,MÉXICO                      ,54,Metepec,38,San Jorge Pueblo Nuevo,,,,19.26037741,-99.6344839,1010,14
FMR15_10,FERREVAL,,0 a 5 personas,CALLE DOS RIOS  COLONIA SAN GASPAR TLAHUELILPAN,52148,15,MÉXICO                      ,54,Metepec,35,San Gaspar Tlahuelilpan,,,,19.23861511,-99.55150468,811,5
FMR08_06,FERRO TERRON,,0 a 5 personas,CALLE AQUILES SERDAN 34 BARRIO SAN MIGUEL,52140,15,MÉXICO                      ,54,Metepec,1,Metepec,,,,19.2474611,-99.60017527,578,10
FMR01_04,FIX FERRETERIAS,,6 a 10 personas,CALLE FRANCISCO I. MADERO  COLONIA SAN JERONIMO ACHICAHUALCO,52170,15,MÉXICO                      ,54,Metepec,37,San Jerónimo Chicahualco,7222710008,,,19.28357001,-99.57430844,987,2
FMR09_06,GRUPO FERRETERO DE MEXICO FERRETERIA,,0 a 5 personas,CALLE VICENTE GUERRERO 103 BARRIO SANTIAGUITO,52140,15,MÉXICO                      ,54,Metepec,1,Metepec,,,,19.25244366,-99.6014762,578,16
FMR11_08,GRUPO FERRETERO GOPAR,GRUPO FERRETRIA GOPAR SA DE CV,0 a 5 personas,CALLE AVENIDA GOBERNADORES 1423 COLONIA LA PROVIDENCIA,52177,15,MÉXICO                      ,54,Metepec,34,San Francisco Coaxusco,,,,19.27142252,-99.60157948,898,8
FMR09_09,GRUPO FERRETERO M13,,0 a 5 personas,CALLE PASEO SAN ISIDRO  BARRIO SANTIAGUITO,52140,15,MÉXICO                      ,54,Metepec,1,Metepec,,,,19.25287024,-99.59699465,510,1
FMR08_03,GRUPO REVESTO,GRUPO REVESTO SA DE CV,0 a 5 personas,AVENIDA ESTADO DE MEXICO 179 BARRIO ESPIRITU SANTO,52140,15,MÉXICO                      ,54,Metepec,1,Metepec,,,,19.24946451,-99.60941153,332,50
FMR12_01,JEARCERIA Y PLASTICO ELSHADAI,,0 a 5 personas,CALLE ARCOS 17 UNIDAD HABITACIONAL ANDRES MOLINA ENRIQUEZ,52149,15,MÉXICO                      ,54,Metepec,49,San Salvador Tizatlalli,,,,19.26040406,-99.59072633,1218,5
FMR01_03,LA RONDANA,,0 a 5 personas,CALLE AGUSTIN MELGAR 14 COLONIA FRACC EXPLANADA DEL PARQUE,52172,15,MÉXICO                      ,54,Metepec,37,San Jerónimo Chicahualco,,,,19.28294926,-99.57032749,987,5
FMR02_01,LUGO CASTRO HERRAMIENTAS,LUGO CASTRO HERRAMIENTAS SA DE CV,6 a 10 personas,CALLE BERNARDO VARA 2 COLONIA ESPERANZA LOPEZ MATEOS,52179,15,MÉXICO                      ,54,Metepec,37,San Jerónimo Chicahualco,7222112314,LUGOCASTROHTAS@LUGOCASTRO.COM.MX,WWW.LUGOCASTRO.COM.MX,19.28674594,-99.59231737,953,25
FMR01_09,MATERIALES ELECTRICOS MAGOVI,,0 a 5 personas,AVENIDA MANUEL J. CLOUTHIER 700 COLONIA INFONAVIT TOLLOCAN II,52170,15,MÉXICO                      ,54,Metepec,37,San Jerónimo Chicahualco,7222750775,ELECTRICAMAGOVI@HOTMAIL.COM,,19.28072374,-99.59427581,968,15
FMR13_08,MATERIALES GUERRERO,MATERIALES GUERRERO ,6 a 10 personas,CALLE PASEO DE LA ASUNCION 510 COLONIA BELLAVISTA,52172,15,MÉXICO                      ,54,Metepec,49,San Salvador Tizatlalli,,MASA7414@HOTMAIL.COM,,19.2669159,-99.5726363,1203,9
FMR15_06,MATERIALES GUTIERREZ,,0 a 5 personas,CALLE MONTERREY 306 COLONIA SAN GASPAR TLAHUELILPAN,52147,15,MÉXICO                      ,54,Metepec,35,San Gaspar Tlahuelilpan,,,,19.24589544,-99.55067267,633,15
FMR16_01,MATERIALES LA CURVA,,0 a 5 personas,CALLE 16 DE SEPTIEMBRE  BARRIO SAN SEBASTIAN,52146,15,MÉXICO                      ,54,Metepec,43,San Lucas Tunco (San Lucas),7226825569,,,19.23014604,-99.55041356,741,29
FMR15_09,MATERIALES PARA CONSTRUCCION,,0 a 5 personas,AVENIDA NACIONAL  PUEBLO SAN GASPAR TLAHUELILPAN,52147,15,MÉXICO                      ,54,Metepec,35,San Gaspar Tlahuelilpan,,,,19.23802229,-99.54851097,648,24
FMR15_07,MATERIALES PARA CONSTRUCCION GOLDEN,,0 a 5 personas,AVENIDA NACIONAL  COLONIA SAN GASPAR TLAHUELILPAN,52147,15,MÉXICO                      ,54,Metepec,35,San Gaspar Tlahuelilpan,7282872393,,,19.24116161,-99.54856104,633,17
FMR04_09,MATERIALES PARA CONSTRUCCION Y FERRETERÍA DON LOLO,,0 a 5 personas,CALLE FRANCISCO JAVIER MINA 34 COLONIA SANTA MARIA MARIA MAGDALENA OCOTITLAN,52161,15,MÉXICO                      ,54,Metepec,55,Santa María Magdalena Ocotitlán,,,,19.23716809,-99.62109342,506,3
FMR01_08,MUNDO FERRER FERETERIA,,0 a 5 personas,AVENIDA MANUEL J. CLOUTHIER 633 COLONIA SAN JERONIMO CHICAHUALCO,52172,15,MÉXICO                      ,54,Metepec,37,San Jerónimo Chicahualco,,,,19.28052381,-99.59427827,968,14
FMR16_03,PERFILES Y MATERIALES LAS PALOMAS,,0 a 5 personas,CALLE 16 DE SEPTIEMBRE  BARRIO SAN SEBASTIAN,52146,15,MÉXICO                      ,54,Metepec,52,San Sebastián,7282882998,,,19.23050628,-99.54061742,078A,3
FMR06_05B,PUESTO DE FERRETERIA Y SIMILARES,,0 a 5 personas,PRIVADA DANIEL ESPINOZA 1 COLONIA JIMENEZ GALLARDO,50161,15,MÉXICO                      ,54,Metepec,38,San Jorge Pueblo Nuevo,,,,19.25622398,-99.63575812,1025,25
FMR11_01,REPRESENTACIONES INDUSTRIALES BRENA,REPRESENTACIONES INDUSTRIALES BRENA SA DE CV,0 a 5 personas,CARRETERA VIALIDAD LAS TORRES (SOLIDARIDAD) 6 COLONIA IZCALLI I,52170,15,MÉXICO                      ,54,Metepec,49,San Salvador Tizatlalli,7222110216,RIBSA02@HOTMAIL.COM,,19.27634384,-99.59395261,1133,39
FMR02_08,SUNER CALENTADORES SOLARES,,0 a 5 personas,CALLE PUERTO DE GUAYMAS 59 COLONIA INFONAVIT TOLLOCAN II,52170,15,MÉXICO                      ,54,Metepec,37,San Jerónimo Chicahualco,,,,19.27772715,-99.59731337,934,19
FMR13_07,SUPER TOOLS FERRETERIA Y TLAPALERIA,,0 a 5 personas,CALLE PASEO DE LA ASUNCION 911 COLONIA BELLAVISTA,52172,15,MÉXICO                      ,54,Metepec,49,San Salvador Tizatlalli,7222881467,OKITO70@LIVE.COM.MX,,19.26364965,-99.57276184,1203,11
FMR10_08,TLAPALERIA ALIZA,,0 a 5 personas,AVENIDA LOS GOBERNADORES 121 COLONIA INFONAVIT SAN FRANCISCO,52176,15,MÉXICO                      ,54,Metepec,49,San Salvador Tizatlalli,7224892955,,,19.26203834,-99.59708223,1186,6
FMR12_04,TLAPALERIA ARELLANO,,0 a 5 personas,CALLE 15 22 COLONIA SAN JOSE LA PILITA,52149,15,MÉXICO                      ,54,Metepec,49,San Salvador Tizatlalli,,,,19.26119835,-99.58455894,1218,35
FMR15_01,TLAPALERIA CEREZO,,0 a 5 personas,CALLE ESTADO DE MEXICO  COLONIA EJIDO SAN ANTONIO,52147,15,MÉXICO                      ,54,Metepec,35,San Gaspar Tlahuelilpan,,,,19.2488721,-99.55626601,811,1
FMR06_07,TLAPALERIA FLORES,,0 a 5 personas,AVENIDA CAPULTITLAN  COLONIA LAS JARAS,52168,15,MÉXICO                      ,54,Metepec,38,San Jorge Pueblo Nuevo,,,,19.25159678,-99.6272562,1082,18
FMR15_03,TLAPALERIA LA CRUZ,,0 a 5 personas,CALLE JALISCO  COLONIA SAN GASPAR TLAHUELILPAN,52147,15,MÉXICO                      ,54,Metepec,35,San Gaspar Tlahuelilpan,,,,19.24675719,-99.55101226,633,14
FMR17_06,TLAPALERIA SAN JOSE,,0 a 5 personas,CALLE JUAN ALDAMA 1 LOCALIDAD BARRIO SAN NICOLAS,52143,15,MÉXICO                      ,54,Metepec,47,San Miguel Totocuitlapilco,7222322621,,,19.22678707,-99.58623141,667,31
FMR17_05,TLAPALERIA Y FERRETERIA RIVERA,,0 a 5 personas,CALLE JOSE MARIA MORELOS 31 LOCALIDAD BARRIO LA ASUNCION,52143,15,MÉXICO                      ,54,Metepec,47,San Miguel Totocuitlapilco,7222325375,,,19.2294178,-99.58974091,667,1
FMR12_05,TLAPALERIA Y FERRETERIA SOTO,,0 a 5 personas,CALLE LAZARO CARDENAS 403 PUEBLO SAN SALVADOR TIZATLALLI,52172,15,MÉXICO                      ,54,Metepec,49,San Salvador Tizatlalli,7223654711,TSOTO_68@HOTMAIL.COM,,19.25883551,-99.58303747,1218,8
FMR03_01,TUMATSA TOLUCA,TUMATSA SA DE CV ,6 a 10 personas,CALLE AVENIDA SOLIDARIDAD LAS TORRES  COLONIA CASA BLANCA,52170,15,MÉXICO                      ,54,Metepec,37,San Jerónimo Chicahualco,,TOLUCA@TUMATSA.COM,,19.27712001,-99.6012598,934,21
FMR09_10,URREA STORE,GRUPO INDUSTRIAL FERRETERO AGRE SA DE CV,0 a 5 personas,CALLE PASEO SAN ISIDRO 1127 BARRIO SANTIAGUITO,52140,15,MÉXICO                      ,54,Metepec,1,Metepec,7224341021,R.AGUIRRE@AGREMEXICO.COM,,19.25296266,-99.59368156,510,1
FMR06_05,VENTA DE CALENTADORES SOLARES,,0 a 5 personas,PRIVADA DANIEL ESPINOZA  COLONIA JIMENEZ GALLARDO,50161,15,MÉXICO                      ,54,Metepec,38,San Jorge Pueblo Nuevo,,,,19.25621794,-99.63575825,1025,25
FMR09_05,VENTA Y COMPRA DE MATERIAL ELECTRCO DIHESA,,0 a 5 personas,CALLE MOCTEZUMA 16 BARRIO SANTIAGUITO,52140,15,MÉXICO                      ,54,Metepec,1,Metepec,,DIHESA_67@YAHOO.COM.MX,,19.25184339,-99.60285443,578,16
